/*
 Personas - Adultos mayores
 */
INSERT INTO residence.person
VALUES ('8742099-k', 'Matías Jose', 'González', 'Rojas', '1953-11-15', 1)
ON CONFLICT DO NOTHING;
INSERT INTO residence.person
VALUES ('8768514-4', 'Alberto Manuel', 'Rojas', 'Sepúlveda', '1953-11-15', 1)
ON CONFLICT DO NOTHING;
INSERT INTO residence.person
VALUES ('5595642-1', 'Juan Henry', 'López', 'Muñoz', '1949-06-17', 1)
ON CONFLICT DO NOTHING;
INSERT INTO residence.person
VALUES ('5875397-1', 'Alejandro Arturo', 'Silva', 'Reinoso', '1944-09-09', 1)
ON CONFLICT DO NOTHING;
INSERT INTO residence.person
VALUES ('10031785-0', 'Ramon Felipe', 'Araya', 'Aguilar', '1954-08-11', 1)
ON CONFLICT DO NOTHING;
INSERT INTO residence.person
VALUES ('5968347-0', 'Maria Luisa', 'Aguirre', 'Zúñiga', '1945-07-07', 2)
ON CONFLICT DO NOTHING;
INSERT INTO residence.person
VALUES ('8820206-6', 'Rocío Michelle', 'Tello', 'Godoy', '1951-01-28', 2)
ON CONFLICT DO NOTHING;
INSERT INTO residence.person
VALUES ('8346739-8', 'Ana Luz', 'Meneses', 'Pizarro', '1944-05-17', 2)
ON CONFLICT DO NOTHING;
INSERT INTO residence.person
VALUES ('8358513-7', 'Laura Jasmin', 'Veliz', 'Carmona', '1944-05-06', 2)
ON CONFLICT DO NOTHING;
INSERT INTO residence.person
VALUES ('5902831-6', 'Luis Alberto', 'Contreras', 'Parra', '1951-11-30', 1)
ON CONFLICT DO NOTHING;
INSERT INTO residence.person
VALUES ('93566783-6', 'José Antonio', 'Pérez', 'Pérez', '1921-01-12', 1)
ON CONFLICT DO NOTHING;
INSERT INTO residence.person
VALUES ('33354753-8', 'Alberto Eduardo', 'Campos', 'Sastre', '1937-02-22', 1)
ON CONFLICT DO NOTHING;
INSERT INTO residence.person
VALUES ('86838888-9', 'Elvie Jito', 'Rojas', 'Álvarez', '1900-01-01', 1)
ON CONFLICT DO NOTHING;
INSERT INTO residence.person
VALUES ('93122719-K', 'Sebastian Enrique', 'Espinoza', 'Bobadilla', '1915-07-25', 1)
ON CONFLICT DO NOTHING;
INSERT INTO residence.person
VALUES ('25174986-8', 'Carlos Álvarez', 'Urrutia', 'Rojas', '1927-05-11', 1)
ON CONFLICT DO NOTHING;
INSERT INTO residence.person
VALUES ('45925147-2', 'Carlos Alberto', 'Pasmiño', 'Abarca', '1939-11-07', 1)
ON CONFLICT DO NOTHING;
INSERT INTO residence.person
VALUES ('53459254-K', 'Digna Trinidad', 'López', 'Berendsen', '1918-01-19', 2)
ON CONFLICT DO NOTHING;
INSERT INTO residence.person
VALUES ('52454583-7', 'Diego Roberto', 'Salazar', 'Contreras', '1918-08-14', 1)
ON CONFLICT DO NOTHING;
INSERT INTO residence.person
VALUES ('59537377-8', 'Adam William', 'Baynes', 'Robinson', '1929-02-15', 1)
ON CONFLICT DO NOTHING;
INSERT INTO residence.person
VALUES ('13413638-3', 'Alanis Valencia', 'Cortez', 'Benavides', '1921-06-28', 2)
ON CONFLICT DO NOTHING;

/*
 Personas - Responsables
 */
INSERT INTO residence.person
VALUES ('14585523-3', 'Alondra María', 'González', 'Palma', '1951-11-30', 2)
ON CONFLICT DO NOTHING;
INSERT INTO residence.person
VALUES ('14207467-2', 'Juan Fernando', 'Contreras', 'Prado', '1951-11-30', 1)
ON CONFLICT DO NOTHING;
INSERT INTO residence.person
VALUES ('13003385-7', 'Luz María', 'Sepúlveda', 'Burgos', '1951-11-30', 2)
ON CONFLICT DO NOTHING;
INSERT INTO residence.person
VALUES ('12997638-1', 'Veronica Marcela', 'Lopez', 'Aguirre', '1951-11-30', 2)
ON CONFLICT DO NOTHING;
INSERT INTO residence.person
VALUES ('14822838-8', 'Sebastián Felipe', 'Silva', 'Avello', '1951-11-30', 1)
ON CONFLICT DO NOTHING;
INSERT INTO residence.person
VALUES ('12682668-0', 'Diego Alejandro', 'Chepillo', 'Veliz', '1951-11-30', 1)
ON CONFLICT DO NOTHING;
INSERT INTO residence.person
VALUES ('14075371-8', 'Claudia Carmen', 'Carmona', 'Jara', '1951-11-30', 2)
ON CONFLICT DO NOTHING;
INSERT INTO residence.person
VALUES ('14102400-0', 'Mario Luis', 'Godoy', 'Olivares', '1951-11-30', 1)
ON CONFLICT DO NOTHING;
INSERT INTO residence.person
VALUES ('13988190-7', 'Joselyn Ana', 'Zúñiga', 'Cordovez', '1951-11-30', 2)
ON CONFLICT DO NOTHING;
INSERT INTO residence.person
VALUES ('13371799-4', 'Ana Maria', 'Aguilar', 'Vicencio', '1951-11-30', 2)
ON CONFLICT DO NOTHING;
INSERT INTO residence.person
VALUES ('88843241-8', 'Josefina Valentina', 'Pérez', 'Rodriguez', '1996-06-07', 2)
ON CONFLICT DO NOTHING;
INSERT INTO residence.person
VALUES ('86841812-5', 'Mini Alberto', 'Campos', 'Hidalgo', '2000-05-11', 1)
ON CONFLICT DO NOTHING;
INSERT INTO residence.person
VALUES ('52424191-9', 'Eljo Vencito', 'Rojas', 'Silvestre', '1998-01-01', 1)
ON CONFLICT DO NOTHING;
INSERT INTO residence.person
VALUES ('61263339-8', 'Marcelo Ignacio', 'Espinoza', 'Yáñez', '1988-03-15', 1)
ON CONFLICT DO NOTHING;
INSERT INTO residence.person
VALUES ('84698936-6', 'Catalina Antonia', 'Urrutia', 'Gonzalez', '1996-06-07', 2)
ON CONFLICT DO NOTHING;
INSERT INTO residence.person
VALUES ('75631611-7', 'Roberto Carlos', 'Pasmiño', 'Gutierrez', '1978-12-04', 1)
ON CONFLICT DO NOTHING;
INSERT INTO residence.person
VALUES ('19279146-4', 'Berta Adriana', 'López', 'Campillay', '1979-06-10', 2)
ON CONFLICT DO NOTHING;
INSERT INTO residence.person
VALUES ('99596314-0', 'José Manuel', 'Salazar', 'Miranda', '1984-09-18', 1)
ON CONFLICT DO NOTHING;
INSERT INTO residence.person
VALUES ('63265479-0', 'Carla María', 'Baynes', 'San Martín', '1993-10-06', 2)
ON CONFLICT DO NOTHING;
INSERT INTO residence.person
VALUES ('39119457-2', 'Valentin ignacio', 'Cortez', 'Sandoval', '1990-02-16', 1)
ON CONFLICT DO NOTHING;

/*
 Personas - Cuidadores
 */
INSERT INTO residence.person
VALUES ('15787461-6', 'Maria Jose', 'Pastén', 'Cordovéz', '1984-01-04', 2)
ON CONFLICT DO NOTHING;
INSERT INTO residence.person
VALUES ('17662625-9', 'Valentina ', 'Gonzalez', 'Tapia', '1984-01-08', 2)
ON CONFLICT DO NOTHING;
INSERT INTO residence.person
VALUES ('15023397-6', 'Camila', 'Varas', 'Silva', '1982-03-22', 2)
ON CONFLICT DO NOTHING;
INSERT INTO residence.person
VALUES ('16989228-8', 'Constanza', 'Rojas', 'Rojas', '1986-11-30', 2)
ON CONFLICT DO NOTHING;
INSERT INTO residence.person
VALUES ('16213821-9', 'Mario', 'Orellana', 'Contreras', '1987-02-19', 1)
ON CONFLICT DO NOTHING;

/*
 Responsables.
 */
INSERT INTO residence.responsible
VALUES ('14585523-3', 90495269)
ON CONFLICT DO NOTHING;
INSERT INTO residence.responsible
VALUES ('14207467-2', 64877715)
ON CONFLICT DO NOTHING;
INSERT INTO residence.responsible
VALUES ('13003385-7', 80227504)
ON CONFLICT DO NOTHING;
INSERT INTO residence.responsible
VALUES ('12997638-1', 20705426)
ON CONFLICT DO NOTHING;
INSERT INTO residence.responsible
VALUES ('14822838-8', 75178361)
ON CONFLICT DO NOTHING;
INSERT INTO residence.responsible
VALUES ('12682668-0', 64269505)
ON CONFLICT DO NOTHING;
INSERT INTO residence.responsible
VALUES ('14075371-8', 11613559)
ON CONFLICT DO NOTHING;
INSERT INTO residence.responsible
VALUES ('14102400-0', 63843353)
ON CONFLICT DO NOTHING;
INSERT INTO residence.responsible
VALUES ('13988190-7', 23502579)
ON CONFLICT DO NOTHING;
INSERT INTO residence.responsible
VALUES ('13371799-4', 67271212)
ON CONFLICT DO NOTHING;
INSERT INTO residence.responsible
VALUES ('88843241-8', 41985112)
ON CONFLICT DO NOTHING;
INSERT INTO residence.responsible
VALUES ('86841812-5', 64058694)
ON CONFLICT DO NOTHING;
INSERT INTO residence.responsible
VALUES ('52424191-9', 11715538)
ON CONFLICT DO NOTHING;
INSERT INTO residence.responsible
VALUES ('61263339-8', 48931984)
ON CONFLICT DO NOTHING;
INSERT INTO residence.responsible
VALUES ('84698936-6', 70884998)
ON CONFLICT DO NOTHING;
INSERT INTO residence.responsible
VALUES ('75631611-7', 81155567)
ON CONFLICT DO NOTHING;
INSERT INTO residence.responsible
VALUES ('19279146-4', 29711729)
ON CONFLICT DO NOTHING;
INSERT INTO residence.responsible
VALUES ('99596314-0', 31219500)
ON CONFLICT DO NOTHING;
INSERT INTO residence.responsible
VALUES ('63265479-0', 24656825)
ON CONFLICT DO NOTHING;
INSERT INTO residence.responsible
VALUES ('39119457-2', 84627474)
ON CONFLICT DO NOTHING;

/*
 Cuidadores
 */
INSERT INTO residence.carer
VALUES ('15787461-6', 69777161, '2016-02-25')
ON CONFLICT DO NOTHING;
INSERT INTO residence.carer
VALUES ('17662625-9', 30918281, '2016-05-15')
ON CONFLICT DO NOTHING;
INSERT INTO residence.carer
VALUES ('15023397-6', 83201886, '2017-01-16')
ON CONFLICT DO NOTHING;
INSERT INTO residence.carer
VALUES ('16989228-8', 23338982, '2017-10-13')
ON CONFLICT DO NOTHING;
INSERT INTO residence.carer
VALUES ('16213821-9', 97752711, '2017-05-23')
ON CONFLICT DO NOTHING;

/*
 Adultos Mayores
 */
INSERT INTO residence.elder
VALUES ('8742099-k', TRUE, '2017-09-20', '14585523-3')
ON CONFLICT DO NOTHING;
INSERT INTO residence.elder
VALUES ('8768514-4', TRUE, '2018-06-23', '13003385-7')
ON CONFLICT DO NOTHING;
INSERT INTO residence.elder
VALUES ('5595642-1', TRUE, '2017-09-26', '12997638-1')
ON CONFLICT DO NOTHING;
INSERT INTO residence.elder
VALUES ('5875397-1', FALSE, '2017-07-05', '14822838-8')
ON CONFLICT DO NOTHING;
INSERT INTO residence.elder
VALUES ('10031785-0', FALSE, '2018-03-22', '13371799-4')
ON CONFLICT DO NOTHING;
INSERT INTO residence.elder
VALUES ('5968347-0', TRUE, '2018-09-16', '13988190-7')
ON CONFLICT DO NOTHING;
INSERT INTO residence.elder
VALUES ('8820206-6', TRUE, '2017-07-03', '14102400-0')
ON CONFLICT DO NOTHING;
INSERT INTO residence.elder
VALUES ('8346739-8', TRUE, '2018-10-04', '14075371-8')
ON CONFLICT DO NOTHING;
INSERT INTO residence.elder
VALUES ('8358513-7', TRUE, '2017-03-21', '12682668-0')
ON CONFLICT DO NOTHING;
INSERT INTO residence.elder
VALUES ('5902831-6', TRUE, '2016-09-03', '14207467-2')
ON CONFLICT DO NOTHING;
INSERT INTO residence.elder
VALUES ('93566783-6', TRUE, '2010-01-01', '88843241-8')
ON CONFLICT DO NOTHING;
INSERT INTO residence.elder
VALUES ('33354753-8', TRUE, '2009-02-05', '86841812-5')
ON CONFLICT DO NOTHING;
INSERT INTO residence.elder
VALUES ('86838888-9', TRUE, '2009-05-09', '52424191-9')
ON CONFLICT DO NOTHING;
INSERT INTO residence.elder
VALUES ('93122719-K', TRUE, '2010-03-17', '61263339-8')
ON CONFLICT DO NOTHING;
INSERT INTO residence.elder
VALUES ('25174986-8', TRUE, '2010-03-17', '84698936-6')
ON CONFLICT DO NOTHING;
INSERT INTO residence.elder
VALUES ('45925147-2', FALSE, '2014-07-29', '75631611-7')
ON CONFLICT DO NOTHING;
INSERT INTO residence.elder
VALUES ('53459254-K', FALSE, '2014-07-29', '19279146-4')
ON CONFLICT DO NOTHING;
INSERT INTO residence.elder
VALUES ('52454583-7', TRUE, '2014-08-03', '99596314-0')
ON CONFLICT DO NOTHING;
INSERT INTO residence.elder
VALUES ('59537377-8', TRUE, '2015-12-16', '63265479-0')
ON CONFLICT DO NOTHING;
INSERT INTO residence.elder
VALUES ('13413638-3', TRUE, '2018-10-20', '39119457-2')
ON CONFLICT DO NOTHING;
